{"policy_return": 0.039870548993349075, "policy_return_at_grad": 0.044392626732587814, "_timestamp": 1657405805, "_runtime": 125, "_step": 590, "acq_value": 0.0016408084193244576, "param_distance_to_local": 0.26270222663879395, "action_distance_to_local": 20.042455673217773, "acq_diff": 5.37156593054533e-05, "avg_grad": 0.014826295897364616, "max_covar": 0.0003753292257897556, "n_info_points": 3}