{"policy_return": -0.05192262679338455, "policy_return_at_grad": 0.051391687244176865, "_timestamp": 1657405275, "_runtime": 31, "_step": 210, "acq_value": 4.2649495298974216e-05, "param_distance_to_local": 0.2768166959285736, "action_distance_to_local": 4.394567489624023, "acq_diff": 0.08388137817382812, "avg_grad": 0.002375236013904214, "max_covar": 6.2577391872764565e-06, "n_info_points": 1}