{"policy_return": 0.0730038583278656, "policy_return_at_grad": 0.22043897211551666, "_timestamp": 1657531324, "_runtime": 50, "_step": 353, "acq_value": 0.12453491240739822, "param_distance_to_local": 0.2428358495235443, "action_distance_to_local": 12.750262260437012, "acq_diff": 0.001976504921913147, "avg_grad": 0.07768574357032776, "max_covar": 0.025892291218042374, "n_info_points": 3}