{"policy_return": 0.04860629141330719, "policy_return_at_grad": 0.07931727170944214, "_timestamp": 1657618327, "_runtime": 10, "_step": 49, "acq_value": 4.38943338394165, "param_distance_to_local": 0.31090182065963745, "action_distance_to_local": 17.436725616455078, "acq_diff": 0.15302753448486328, "n_info_points": 3, "avg_grad": 9.704900730866939e-05, "max_covar": 5.462742933559639e-07, "_wandb": {"runtime": 11}}