{"policy_return": 0.018000001087784767, "policy_return_at_grad": 0.018000001087784767, "_timestamp": 1657440906, "_runtime": 44, "_step": 468, "acq_value": 0.2619640827178955, "param_distance_to_local": 0.14267659187316895, "action_distance_to_local": 0.6429667472839355, "acq_diff": 0.013235166668891907, "avg_grad": 0.004065155982971191, "max_covar": 3.1118979454040527, "n_info_points": 3, "_wandb": {"runtime": 43}}