{"policy_return": 0.33799999952316284, "policy_return_at_grad": 0.3540000021457672, "_timestamp": 1657440312, "_runtime": 23, "_step": 372, "acq_value": 3.426063267397694e-05, "param_distance_to_local": 0.14320942759513855, "action_distance_to_local": 1.329305648803711, "acq_diff": 2.730794221861288e-06, "avg_grad": 0.0035246654879301786, "max_covar": 1.5872083167778328e-05, "n_info_points": 3, "_wandb": {"runtime": 22}}