{"policy_return": 0.578000009059906, "policy_return_at_grad": 0.43000006675720215, "_timestamp": 1657440075, "_runtime": 14, "_step": 336, "acq_value": 6.790360930608585e-05, "param_distance_to_local": 0.124910369515419, "action_distance_to_local": 2.1947484016418457, "acq_diff": 3.7647041608579457e-06, "avg_grad": 0.0002050168695859611, "max_covar": 3.983765509474324e-06, "n_info_points": 3}