{"policy_return": -0.07420869171619415, "policy_return_at_grad": -0.0011252736439928412, "_timestamp": 1657621085, "_runtime": 12, "_step": 54, "acq_value": 4.593978404998779, "param_distance_to_local": 0.3213586211204529, "action_distance_to_local": 13.680103302001953, "acq_diff": 0.12807512283325195, "n_info_points": 3, "avg_grad": 0.07027357816696167, "max_covar": 0.0031806682236492634}