{"avg_grad": 0.013516251929104328, "max_covar": 0.00021195779845584184, "_timestamp": 1657297232, "_runtime": 142, "_step": 34}