{"policy_return": 0.30800002813339233, "policy_return_at_grad": 0.24000000953674316, "_timestamp": 1657440167, "_runtime": 18, "_step": 372, "acq_value": 9.972476391340024e-07, "param_distance_to_local": 0.14438119530677795, "action_distance_to_local": 0.5592249631881714, "acq_diff": 6.347863745759241e-08, "avg_grad": 0.000257896666880697, "max_covar": 9.999999717180685e-10, "n_info_points": 3}