{"policy_return": 0.36000001430511475, "policy_return_at_grad": 0.13200001418590546, "_timestamp": 1657440195, "_runtime": 15, "_step": 336, "acq_value": 8.299840601466713e-07, "param_distance_to_local": 0.1682555228471756, "action_distance_to_local": 0.41948944330215454, "acq_diff": 4.5595868414238794e-08, "avg_grad": 0.0003710962482728064, "max_covar": 9.999999717180685e-10, "n_info_points": 3, "_wandb": {"runtime": 15}}