{"policy_return": -0.07736176252365112, "policy_return_at_grad": -0.06696188449859619, "_timestamp": 1657405366, "_runtime": 31, "_step": 210, "acq_value": 0.00010645526344887912, "param_distance_to_local": 0.25972792506217957, "action_distance_to_local": 14.878671646118164, "acq_diff": 0.06009387969970703, "avg_grad": 0.0020892578177154064, "max_covar": 1.4108811228652485e-05, "n_info_points": 1}