{"policy_return": 0.64000004529953, "policy_return_at_grad": 0.5260000228881836, "_timestamp": 1657440356, "_runtime": 31, "_step": 426, "acq_value": 0.39980292320251465, "param_distance_to_local": 0.09452164173126221, "action_distance_to_local": 1.5114400386810303, "acq_diff": 0.01297086477279663, "avg_grad": 0.6612437963485718, "max_covar": 0.002844050293788314, "n_info_points": 3}