{"policy_return": 0.23599998652935028, "policy_return_at_grad": 0.4440000653266907, "_timestamp": 1657441167, "_runtime": 34, "_step": 708, "acq_value": 5.061309593656915e-07, "param_distance_to_local": 0.16614994406700134, "action_distance_to_local": 1.5517778396606445, "acq_diff": 3.83791132207989e-08, "avg_grad": 0.0002441007673041895, "max_covar": 1.1706399760669228e-07, "n_info_points": 3}