{"policy_return": 0.020000001415610313, "policy_return_at_grad": 0.018000001087784767, "_timestamp": 1657408270, "_runtime": 8, "_step": 418, "acq_value": 7.641391164270317e-08, "param_distance_to_local": 0.18629392981529236, "action_distance_to_local": 0.8644338846206665, "acq_diff": 2.7992399509457755e-09, "avg_grad": 8.683589840075001e-06, "max_covar": 4.7301256245191325e-09, "n_info_points": 3}