{"policy_return": 0.026913953945040703, "policy_return_at_grad": 0.027051487937569618, "_timestamp": 1657532210, "_runtime": 141, "_step": 1772, "acq_value": 2.0963231861514942e-07, "param_distance_to_local": 0.3540656864643097, "action_distance_to_local": 3.078843355178833, "acq_diff": 3.2443381314806174e-09, "avg_grad": 1.5041337064758409e-06, "max_covar": 1.187163967131255e-08, "n_info_points": 3}