{"policy_return": 0.45489501953125, "policy_return_at_grad": 0.5093075633049011, "_timestamp": 1657406541, "_runtime": 170, "_step": 702, "acq_value": 0.0019666815642267466, "param_distance_to_local": 0.2957029342651367, "action_distance_to_local": 27.060312271118164, "acq_diff": 7.707125041633844e-05, "avg_grad": 0.01316582877188921, "max_covar": 0.0003763709682971239, "n_info_points": 3}