{"policy_return": -0.01161920465528965, "policy_return_at_grad": -0.01161920465528965, "_timestamp": 1657533292, "_runtime": 2, "_step": 0}