{"policy_return": 0.06309448182582855, "policy_return_at_grad": 0.06898047775030136, "_timestamp": 1657408592, "_runtime": 84, "_step": 402, "acq_value": 0.0008668028749525547, "param_distance_to_local": 0.24866090714931488, "action_distance_to_local": 20.595020294189453, "acq_diff": 2.9847840778529644e-05, "n_info_points": 3, "avg_grad": 0.008178893476724625, "max_covar": 0.00015054753748700023}