{"policy_return": -0.1181812584400177, "policy_return_at_grad": 0.015270262025296688, "_timestamp": 1657621209, "_runtime": 98, "_step": 538, "acq_value": 0.017402535304427147, "param_distance_to_local": 0.2325458526611328, "action_distance_to_local": 29.49693489074707, "acq_diff": 0.000576430931687355, "n_info_points": 3, "avg_grad": 0.07008723169565201, "max_covar": 0.006183043587952852}