{"policy_return": 0.1900000125169754, "policy_return_at_grad": 0.30800002813339233, "_timestamp": 1657441964, "_runtime": 29, "_step": 672, "acq_value": 5.201194994697289e-07, "param_distance_to_local": 0.1440640538930893, "action_distance_to_local": 0.3182468116283417, "acq_diff": 2.560096845627413e-08, "avg_grad": -1.9302366126794368e-05, "max_covar": 1.608591446711216e-07, "n_info_points": 3, "_wandb": {"runtime": 29}}