{"policy_return": 0.2199999988079071, "policy_return_at_grad": 0.164000004529953, "_timestamp": 1657441118, "_runtime": 16, "_step": 354, "acq_value": 1.4678815887236851e-06, "param_distance_to_local": 0.14792047441005707, "action_distance_to_local": 0.4213430881500244, "acq_diff": 1.1635643204499502e-07, "avg_grad": 0.0003917875583283603, "max_covar": 9.999999717180685e-10, "n_info_points": 3}