{"policy_return": 0.0593513585627079, "policy_return_at_grad": 0.06931661814451218, "_timestamp": 1657405227, "_runtime": 38, "_step": 210, "acq_value": 0.0005107102915644646, "param_distance_to_local": 0.25451672077178955, "action_distance_to_local": 22.228601455688477, "acq_diff": 0.06588029861450195, "avg_grad": 0.0014167536282911897, "max_covar": 9.884569590212777e-05, "n_info_points": 1}