{"policy_return": 0.25200000405311584, "policy_return_at_grad": 0.27400004863739014, "_timestamp": 1657440274, "_runtime": 16, "_step": 336, "acq_value": 2.4222945285146125e-05, "param_distance_to_local": 0.16449019312858582, "action_distance_to_local": 1.5468934774398804, "acq_diff": 1.299156792811118e-06, "avg_grad": 0.0011316774180158973, "max_covar": 9.999999717180685e-10, "n_info_points": 3, "_wandb": {"runtime": 25}}