{"policy_return": 1.0, "policy_return_at_grad": 1.0, "_timestamp": 1657531585, "_runtime": 15, "_step": 189, "acq_value": 9.502588227405795e-07, "param_distance_to_local": 0.14068245887756348, "action_distance_to_local": 0.6822826862335205, "acq_diff": 6.606234137507272e-08, "avg_grad": 0.0001571171887917444, "max_covar": 4.6436824163720303e-07, "n_info_points": 3, "_wandb": {"runtime": 14}}