{"policy_return": 0.046581946313381195, "policy_return_at_grad": 0.07239346951246262, "_timestamp": 1657621060, "_runtime": 147, "_step": 1193, "acq_value": 1.973571488633752e-05, "param_distance_to_local": 0.2549276351928711, "action_distance_to_local": 11.514545440673828, "acq_diff": 5.920646799495444e-07, "n_info_points": 3, "avg_grad": 0.0007258466794155538, "max_covar": 4.523497409536503e-06}