{"policy_return": 0.12200000137090683, "policy_return_at_grad": 0.11000001430511475, "_timestamp": 1657616910, "_runtime": 88, "_step": 1706, "acq_value": 6.318588816611737e-07, "param_distance_to_local": 0.15328893065452576, "action_distance_to_local": 0.270659476518631, "acq_diff": 3.838709972114884e-08, "avg_grad": 0.0001723552995827049, "max_covar": 7.998052353741514e-08, "n_info_points": 3, "_wandb": {"runtime": 88}}