{"policy_return": 0.5141671299934387, "policy_return_at_grad": 0.4100405275821686, "_timestamp": 1657409005, "_runtime": 164, "_step": 726, "acq_value": 0.06947758793830872, "param_distance_to_local": 0.2686856687068939, "action_distance_to_local": 15.264432907104492, "acq_diff": 0.0036509856581687927, "n_info_points": 3, "avg_grad": 0.18996398150920868, "max_covar": 0.01745150052011013}