{"policy_return": 0.46752026677131653, "policy_return_at_grad": 0.4694744348526001, "_timestamp": 1657442343, "_runtime": 106, "_step": 603, "acq_value": 42.16505813598633, "param_distance_to_local": 0.2098807394504547, "action_distance_to_local": 8.029739379882812, "acq_diff": 1.7821769714355469, "avg_grad": 0.2024458646774292, "max_covar": 13.169052124023438, "n_info_points": 3}