{"policy_return": 0.5033336877822876, "policy_return_at_grad": 0.4879879057407379, "_timestamp": 1657405642, "_runtime": 94, "_step": 486, "acq_value": 0.000630417198408395, "param_distance_to_local": 0.2532060146331787, "action_distance_to_local": 21.89876937866211, "acq_diff": 4.345609340816736e-05, "avg_grad": 0.010708668269217014, "max_covar": 0.00012415449600666761, "n_info_points": 3}