{"policy_return": 0.8848978281021118, "policy_return_at_grad": 0.8589770793914795, "_timestamp": 1657405119, "_runtime": 99, "_step": 500, "acq_value": 6.162732124328613, "param_distance_to_local": 0.2439240664243698, "action_distance_to_local": 9.466944694519043, "acq_diff": 0.04026460647583008, "avg_grad": 0.03987997770309448, "max_covar": 1.1839990615844727, "n_info_points": 6}