{"policy_return": 0.5800000429153442, "policy_return_at_grad": 0.38600003719329834, "_timestamp": 1657531541, "_runtime": 22, "_step": 261, "acq_value": 4.104249910596991e-06, "param_distance_to_local": 0.1486985981464386, "action_distance_to_local": 1.452232003211975, "acq_diff": 4.792900654138066e-07, "avg_grad": 0.0009328834130428731, "max_covar": 8.032003506741603e-07, "n_info_points": 3}