{"policy_return": 0.03971915319561958, "policy_return_at_grad": 0.03971915319561958, "_timestamp": 1657531948, "_runtime": 60, "_step": 1202, "acq_value": 7.291585006896639e-06, "param_distance_to_local": 0.3579939305782318, "action_distance_to_local": 2.3343851566314697, "acq_diff": 1.6917283574002795e-07, "avg_grad": 4.4609507312998176e-05, "max_covar": 3.43469395147622e-07, "n_info_points": 3}