{"policy_return": 0.14600001275539398, "policy_return_at_grad": 0.23599998652935028, "_timestamp": 1657440853, "_runtime": 15, "_step": 336, "acq_value": 1.104322109313216e-06, "param_distance_to_local": 0.1788179725408554, "action_distance_to_local": 0.47483786940574646, "acq_diff": 9.00047325558262e-08, "avg_grad": 0.00013100866635795683, "max_covar": 9.999999717180685e-10, "n_info_points": 3, "_wandb": {"runtime": 18}}