{"policy_return": 0.03400000184774399, "policy_return_at_grad": 0.09800001233816147, "_timestamp": 1657407954, "_runtime": 28, "_step": 394, "acq_value": 6.893753123904389e-09, "param_distance_to_local": 0.12447235733270645, "action_distance_to_local": 0.8210556507110596, "acq_diff": 3.3173286340115737e-10, "n_info_points": 3, "avg_grad": 2.874539632102824e-06, "max_covar": 9.999999717180685e-10}