{"policy_return": 0.03795003518462181, "policy_return_at_grad": 0.03506803140044212, "_timestamp": 1657531779, "_runtime": 21, "_step": 261, "acq_value": 4.5823944105904957e-07, "param_distance_to_local": 0.35604092478752136, "action_distance_to_local": 2.736457586288452, "acq_diff": 9.937707545759622e-09, "avg_grad": 0.00010583520634099841, "max_covar": 3.996831665631362e-08, "n_info_points": 3}