{"policy_return": 0.058339327573776245, "policy_return_at_grad": 0.058339327573776245, "_timestamp": 1657620906, "_runtime": 116, "_step": 905, "acq_value": 0.0001189657996292226, "param_distance_to_local": 0.28452610969543457, "action_distance_to_local": 18.96122932434082, "acq_diff": 4.020774213131517e-06, "n_info_points": 3, "avg_grad": 0.000514890649355948, "max_covar": 2.2673597413813695e-05}