{"policy_return": 0.04200000315904617, "policy_return_at_grad": 0.08000000566244125, "_timestamp": 1657408470, "_runtime": 16, "_step": 354, "acq_value": 5.252405389910564e-05, "param_distance_to_local": 0.1856182962656021, "action_distance_to_local": 0.803280770778656, "acq_diff": 3.490618837531656e-06, "avg_grad": 0.0007183037814684212, "max_covar": 9.999999717180685e-10, "n_info_points": 3, "_wandb": {"runtime": 15}}