{"policy_return": 0.41377806663513184, "policy_return_at_grad": 0.558781623840332, "_timestamp": 1657406118, "_runtime": 159, "_step": 708, "acq_value": 0.10270768404006958, "param_distance_to_local": 0.23664534091949463, "action_distance_to_local": 15.086383819580078, "acq_diff": 0.0033799409866333008, "avg_grad": 0.010411649942398071, "max_covar": 0.03114570863544941, "n_info_points": 3}