{"avg_grad": 0.000980079872533679, "max_covar": 9.999999717180685e-10, "_timestamp": 1657297078, "_runtime": 17, "_step": 2}