{"policy_return": 0.0005297898314893246, "policy_return_at_grad": -0.007409601006656885, "_timestamp": 1657533105, "_runtime": 3, "_step": 1}