{"policy_return": 0.06660562008619308, "policy_return_at_grad": 0.08662310987710953, "_timestamp": 1657406950, "_runtime": 73, "_step": 418, "acq_value": 0.00043406427721492946, "param_distance_to_local": 0.2872404456138611, "action_distance_to_local": 20.038253784179688, "acq_diff": 3.374612424522638e-05, "avg_grad": 0.006711861584335566, "max_covar": 7.686289609409869e-05, "n_info_points": 3}