{"policy_return": 0.0860000029206276, "policy_return_at_grad": 0.13200001418590546, "_timestamp": 1657531512, "_runtime": 24, "_step": 315, "acq_value": 7.8916224666159e-09, "param_distance_to_local": 0.14171142876148224, "action_distance_to_local": 0.1765221655368805, "acq_diff": 9.533458467103628e-10, "avg_grad": 5.059713657828979e-06, "max_covar": 3.4147884520052685e-09, "n_info_points": 3}