{"policy_return": 0.061271656304597855, "policy_return_at_grad": 0.06707099080085754, "_timestamp": 1657405509, "_runtime": 36, "_step": 222, "acq_value": 0.0004552756727207452, "param_distance_to_local": 0.2964186668395996, "action_distance_to_local": 18.448848724365234, "acq_diff": 0.01010209321975708, "avg_grad": 0.0013407350052148104, "max_covar": 9.179086919175461e-05, "n_info_points": 1}