{"policy_return": 0.018000001087784767, "policy_return_at_grad": 0.12600000202655792, "_timestamp": 1657408112, "_runtime": 21, "_step": 418, "acq_value": 3.462489985395223e-05, "param_distance_to_local": 0.1653512567281723, "action_distance_to_local": 1.0640908479690552, "acq_diff": 1.7986894818022847e-06, "avg_grad": 1.1403852113289759e-05, "max_covar": 6.9860584517300595e-06, "n_info_points": 3, "_wandb": {"runtime": 164}}