{"policy_return": 0.020000001415610313, "policy_return_at_grad": 0.05800000578165054, "_timestamp": 1657408434, "_runtime": 17, "_step": 354, "acq_value": 9.689299673709684e-08, "param_distance_to_local": 0.13242706656455994, "action_distance_to_local": 0.6374346613883972, "acq_diff": 5.725844687276549e-09, "avg_grad": 2.749989289441146e-05, "max_covar": 9.999999717180685e-10, "n_info_points": 3, "_wandb": {"runtime": 31}}