{"policy_return": 0.018000001087784767, "policy_return_at_grad": 0.08399999886751175, "_timestamp": 1657408071, "_runtime": 26, "_step": 418, "acq_value": 3.5132972698193043e-05, "param_distance_to_local": 0.14689190685749054, "action_distance_to_local": 0.7418537139892578, "acq_diff": 1.0774492693599313e-06, "avg_grad": 0.001079339301213622, "max_covar": 1.838095727180189e-06, "n_info_points": 3, "_wandb": {"runtime": 25}}