{"policy_return": 0.5989463925361633, "policy_return_at_grad": 0.728701114654541, "_timestamp": 1657440601, "_runtime": 154, "_step": 564, "acq_value": 419.87652587890625, "param_distance_to_local": 0.16814279556274414, "action_distance_to_local": 5.1124653816223145, "acq_diff": 3.592254638671875, "n_info_points": 3, "avg_grad": 2.0879054069519043, "max_covar": 7.588414669036865, "_wandb": {"runtime": 157}}