{"policy_return": 0.007715669926255941, "policy_return_at_grad": -0.010321485809981823, "_timestamp": 1657533167, "_runtime": 3, "_step": 1}