{"policy_return": -0.06532902270555496, "policy_return_at_grad": -0.06532902270555496, "_timestamp": 1657297725, "_runtime": 1, "_step": 0}