{"policy_return": 0.5840000510215759, "policy_return_at_grad": 0.37400001287460327, "_timestamp": 1657440137, "_runtime": 16, "_step": 354, "acq_value": 2.4976739041449036e-06, "param_distance_to_local": 0.1656535416841507, "action_distance_to_local": 0.7775052785873413, "acq_diff": 1.1784413800342008e-07, "avg_grad": 0.0007708783377893269, "max_covar": 1.1851406043206225e-06, "n_info_points": 3}