{"policy_return": 0.01990986056625843, "policy_return_at_grad": 0.01998954825103283, "_timestamp": 1657531868, "_runtime": 74, "_step": 1626, "acq_value": 9.809575567487627e-05, "param_distance_to_local": 0.3690313696861267, "action_distance_to_local": 3.608825445175171, "acq_diff": 2.0165243768133223e-06, "avg_grad": 2.1368708985392004e-05, "max_covar": 3.218647407265962e-06, "n_info_points": 3}