{"policy_return": -0.0260450579226017, "policy_return_at_grad": 0.037464164197444916, "_timestamp": 1657532672, "_runtime": 84, "_step": 1446, "acq_value": 2.077717624615616e-07, "param_distance_to_local": 0.7731136083602905, "action_distance_to_local": 4.624272346496582, "acq_diff": 2.1658195237250766e-09, "avg_grad": 0.000482165691209957, "max_covar": 7.90859985499992e-07, "n_info_points": 3}