{"policy_return": 0.8368957042694092, "policy_return_at_grad": 1.0077835321426392, "_timestamp": 1657440031, "_runtime": 224, "_step": 818, "acq_value": 0.285100519657135, "param_distance_to_local": 0.22897027432918549, "action_distance_to_local": 14.857484817504883, "acq_diff": 0.0036660730838775635, "n_info_points": 3, "avg_grad": 0.2755175828933716, "max_covar": 0.08210067451000214, "_wandb": {"runtime": 223}}