{"policy_return": 0.03690360486507416, "policy_return_at_grad": 0.030027121305465698, "_timestamp": 1657532456, "_runtime": 110, "_step": 1818, "acq_value": 6.416729320335435e-06, "param_distance_to_local": 0.7282907366752625, "action_distance_to_local": 8.695066452026367, "acq_diff": 2.003412191697862e-07, "avg_grad": 0.0007576553034596145, "max_covar": 9.231924309460737e-07, "n_info_points": 3}