{"policy_return": -0.004679453559219837, "policy_return_at_grad": -0.005111075006425381, "_timestamp": 1657533253, "_runtime": 4, "_step": 1}