{"policy_return": 0.018000001087784767, "policy_return_at_grad": 0.01600000075995922, "_timestamp": 1657408285, "_runtime": 7, "_step": 418, "acq_value": 6.373870875542309e-10, "param_distance_to_local": 0.1694929301738739, "action_distance_to_local": 0.09846489131450653, "acq_diff": 2.2513546582558774e-11, "avg_grad": 1.492865180807712e-06, "max_covar": 9.999999717180685e-10, "n_info_points": 3, "_wandb": {"runtime": 7}}